{"maskData": {"maskGridlines": {"horiz": {}, "vert": {}}, "gridlineBBoxes": {}, "maskBBoxes": {"7": {"startPoint": [891.9999999999999, 154.99999999999997], "endPoint": [1074, 225]}, "13": {"startPoint": [785, 232.9999999999999], "endPoint": [863, 288]}, "19": {"startPoint": [561, 303.00000000000006], "endPoint": [651, 365]}, "25": {"startPoint": [559, 199], "endPoint": [687, 246]}}}, "sid": "bja6r6nxerTkNn43AAAG", "maskName": "tempTest"}